{
  "ticker": "QQQ",
  "real_score": 2.900527125859395,
  "permutation_scores": [
    152.74697592658958,
    170.07379303221984,
    159.07071741765023,
    150.48519979810797,
    164.96169586082968,
    172.17389049477492,
    158.51963804263767,
    168.96383242217595,
    150.48388185064613,
    152.9787778391703,
    140.68347929155905,
    193.10366059687942,
    156.92367224142924,
    145.1385139159476,
    154.53162448851242,
    156.92626898185034,
    147.22717285497035,
    155.14134507354163,
    156.71154767003264,
    142.5122745032505,
    180.40716263571053,
    182.1963103902867,
    146.63567843863942,
    152.83478548048961,
    160.9253310963525,
    150.48250763558542,
    182.0852804905764,
    159.9477965493415,
    155.85481169153246,
    170.74262635818837,
    155.16180165064685,
    147.0838512142223,
    175.1836140932914,
    162.80491285362436,
    183.09334643383522,
    138.5240427756584,
    163.18279789508568,
    174.73797939736428,
    163.05581126657881,
    146.31574971586696,
    178.17523001564805,
    162.6803382100879,
    161.01719698346182,
    172.8909295251474,
    175.01528799745844,
    168.0824720740376,
    146.6989987004439,
    155.81055555767438,
    147.87246249220303,
    172.09011710313337,
    148.0350480121709,
    173.24212709634517,
    171.99496776451514,
    152.84335271436868,
    184.08337360986158,
    155.76500900124864,
    167.22913081074537,
    175.62684320537915,
    156.6874326747972,
    168.4627472040778,
    159.67241350188002,
    148.44903418916974,
    148.64978015273965,
    148.8554579919407,
    199.68513790794023,
    183.24450318235165,
    143.3946840928539,
    168.8020533755275,
    175.4276428866204,
    190.63192756599446,
    168.2815606647766,
    170.23190506398942,
    182.96501366399514,
    143.96952285539257,
    138.9593414989733,
    133.00715604386144,
    144.42934401021506,
    177.4453059892388,
    142.75987205639677,
    165.66394630083354,
    162.15614506796888,
    171.3954112726083,
    132.58241154912469,
    163.7425164379144,
    136.27480335402268,
    172.55656544760205,
    160.38130083706616,
    135.69569875727507,
    118.10183547927211,
    128.76918765104682,
    157.45378432775283,
    171.01811378487326,
    166.36107669810912,
    187.451302924008,
    166.11203557481963,
    157.40182684097925,
    160.86713714636554,
    144.05848198118574,
    173.69380857171353,
    172.2188944750173,
    134.04253838465914,
    173.07769073156612,
    163.11230168137791,
    142.08690043051297,
    159.7763165906987,
    156.32961340659102,
    159.12535853707007,
    169.4974564709856,
    134.11779814565458,
    130.34403985160392,
    190.8859086176765,
    163.24086451644354,
    137.93603996506178,
    183.6146837023284,
    164.82659739732063,
    170.50079723282917,
    168.14723518498428,
    151.7707006825761,
    152.78556299745134,
    168.20388246756409,
    183.34237755176895,
    135.00428692760798,
    175.9105170450227,
    159.75587973925482,
    139.10903514044122,
    149.79690180862946,
    152.30929104537483,
    151.20502160867065,
    147.31679990206294,
    135.79273648511952,
    137.9094224176505,
    156.1022323414849,
    143.34689130410143,
    191.07775597071463,
    195.2446747443347,
    183.12849526214964,
    166.87896533615026,
    157.53208467125197,
    150.2101044691663,
    165.12550207871084,
    160.3101469240084,
    174.74881757968282,
    167.63255700942796,
    164.68730638352508,
    159.98870258490192,
    134.02566351078843,
    164.5485284683108,
    177.36790587799214,
    168.86833979688066,
    154.22502806842598,
    156.21640315461775,
    152.72403733094984,
    161.32555903429878,
    156.64705573414625,
    164.10378045956827,
    158.5361622666356,
    167.74436191463886,
    132.99102486589493,
    157.11544539094677,
    130.45901310397392,
    166.6081667578222,
    153.79602439355153,
    176.79246795791664,
    180.56228560305473,
    163.16505103545845,
    155.43172685419222,
    154.2483674064035,
    176.33100886239356,
    153.5358924439151,
    163.93641217800004,
    123.85208817907859,
    162.57129830878958,
    148.98488503769155,
    161.4661592265257,
    182.94230593263939,
    163.6360950371431,
    179.61035408175152,
    154.94572531519242,
    137.6406064852347,
    157.09002550104117,
    148.9410779052312,
    158.6559125988271,
    162.94336060475527,
    147.54343031946715,
    159.08896151260598,
    169.83039069815058,
    153.30705850626703,
    164.51682433897338,
    160.91241689367388,
    155.96492855542422,
    151.96523060336915,
    186.18704353845777,
    150.74354275871823,
    180.34964065502407,
    157.21649126752908,
    170.46046194617023,
    162.52742311577543,
    170.93977422492742,
    163.06706701936898,
    156.95451842406527
  ],
  "p_value": 1.0,
  "n_permutations": 200
}