{
  "ticker": "AAPL",
  "real_score": 2.884868385576026,
  "permutation_scores": [
    151.4801581072207,
    143.7307935977782,
    149.62145742879383,
    160.57423886753153,
    144.33577077208835,
    151.9958013248583,
    164.75212527285595,
    134.8938323583507,
    137.659457077389,
    146.1515117155323,
    161.8381712159065,
    190.5032387952123,
    118.02683438308732,
    151.15481200970535,
    151.3932810471631,
    152.48928744741357,
    151.15069058175382,
    148.09106291431493,
    158.5236542633322,
    165.96801829880803,
    167.34534359869707,
    148.73329702980644,
    157.89997516027512,
    158.7554607949769,
    157.5687696715075,
    175.90682152620835,
    144.5259202886795,
    175.00778897713943,
    162.6668167485801,
    153.11891625678984,
    158.90674331516797,
    170.719674881947,
    141.61150576412706,
    133.30427379777515,
    129.83033938906044,
    146.6006643594472,
    144.05671168682343,
    131.10565188027567,
    133.49205154554497,
    135.0192154118761,
    149.86188221764067,
    145.75308685544206,
    157.24479409956396,
    164.6705738934804,
    142.91628377073621,
    158.90933447733613,
    142.9354750804394,
    163.57093851081552,
    170.38113461982334,
    140.1597156352425,
    157.87731388977787,
    143.68895051309983,
    169.55726139707176,
    148.1474362883129,
    148.8972534417361,
    158.12681673860683,
    162.95391472716796,
    171.20588185836,
    151.87381621048283,
    141.6967649481179,
    151.3778507300014,
    153.07301974311275,
    169.30809661367488,
    170.03248974250803,
    142.02477101701066,
    139.07721913359808,
    145.5221730525947,
    143.7527456968665,
    159.1510371561967,
    148.48767762065788,
    130.11318559195595,
    152.41154863713652,
    150.80996074938827,
    150.80764217816886,
    156.16272082184005,
    159.48137897283314,
    145.98605569613966,
    156.5819218206914,
    142.4758672055116,
    150.63330036294383,
    147.69951043460216,
    126.27222634472744,
    146.68392845794043,
    149.10265710170307,
    155.19940665758116,
    144.01002880647616,
    167.0367676788751,
    169.34279089948657,
    148.2825065432409,
    175.76636279990174,
    148.4343101250056,
    142.11887471898046,
    135.4077652877242,
    158.1783885069527,
    164.69797833207699,
    173.0430527862918,
    154.56448480542568,
    145.5636394984046,
    144.1725200780188,
    131.89947304179685,
    159.68766640613478,
    129.33370186765396,
    158.2909939352556,
    150.3458972908749,
    180.82101879375134,
    143.1613599147699,
    156.24305020750413,
    159.05902836379508,
    151.3770309228135,
    166.75280805301765,
    151.99234217179963,
    131.26616321214084,
    149.7865279433616,
    135.29835062611957,
    150.11202672419367,
    159.06017387271004,
    169.6782591020438,
    190.46872319055237,
    165.24969982703567,
    159.42653223572813,
    169.86984216385397,
    136.17835076408207,
    128.74948384572448,
    183.1441592466119,
    147.19178915453992,
    152.7933229952206,
    168.66919306519733,
    170.88757397107852,
    151.56811725662428,
    173.417753764374,
    168.68499949855615,
    148.38621326858862,
    163.50689340693532,
    148.9147574851931,
    154.8273800891527,
    135.48216326723755,
    133.3282631380663,
    149.39607648394824,
    151.87755791128035,
    155.81478669729273,
    148.4957479036422,
    164.81871060415165,
    152.03160647822327,
    153.45387712966337,
    145.93868827095858,
    163.16136241086878,
    157.91313012084677,
    159.895994065949,
    173.32423688029323,
    155.60490520189617,
    146.26064369334176,
    155.72594974849568,
    141.10319176538056,
    159.7510753822202,
    139.82025924230436,
    187.13427994355084,
    138.46673206287136,
    137.20774920822728,
    153.69224596869623,
    180.64223711702184,
    157.18299103183895,
    163.3369588912338,
    157.85289979695608,
    150.72885624078899,
    158.19032522997404,
    164.575434954364,
    161.38287858430925,
    153.01771019477954,
    145.78221198921986,
    164.99964385453217,
    157.46501447062317,
    163.6381147763716,
    167.0135465765961,
    178.2764556079451,
    163.41592802865807,
    162.77059073719855,
    130.18814306781016,
    156.01065754298182,
    173.17061510191402,
    137.63814162292158,
    148.11658893061968,
    147.23235361738895,
    168.97177522664722,
    147.02081270694924,
    170.50040724905404,
    146.7331395228052,
    167.68075585103978,
    177.02154031004835,
    148.26471603806183,
    157.88874405554216,
    163.69163570813697,
    174.81648000112048,
    158.86003678768677,
    172.9895753762155,
    136.94903678958158,
    146.98177995453239,
    179.34866917902667,
    147.56776163109913,
    144.69059178604664,
    159.6057033488193
  ],
  "p_value": 1.0,
  "n_permutations": 200
}